what,kind,bundleId,bundleVersion,description,time
opened,editor,org.eclipse.cdt.debug.ui,7.1.2.201202111925,"org.eclipse.cdt.debug.ui.SourceNotFoundEditor",1374153535261
executed,command,org.eclipse.debug.ui,3.7.102.v20111129-1423_r372,"org.eclipse.debug.ui.commands.Resume",1374153537628
executed,command,org.eclipse.debug.ui,3.7.102.v20111129-1423_r372,"org.eclipse.debug.ui.commands.Terminate",1374153539395
closed,view,org.eclipse.debug.ui,3.7.102.v20111129-1423_r372,"org.eclipse.debug.ui.MemoryView",1374153539468
closed,view,org.eclipse.debug.ui,3.7.102.v20111129-1423_r372,"org.eclipse.debug.ui.RegisterView",1374153539472
closed,view,org.eclipse.debug.ui,3.7.102.v20111129-1423_r372,"org.eclipse.debug.ui.ModuleView",1374153539475
closed,editor,org.eclipse.cdt.debug.ui,7.1.2.201202111925,"org.eclipse.cdt.debug.ui.SourceNotFoundEditor",1374153539510
error,log,,,"Internal Error",1374153545953
opened,view,org.eclipse.debug.ui,3.7.102.v20111129-1423_r372,"org.eclipse.debug.ui.MemoryView",1374153546598
opened,view,org.eclipse.debug.ui,3.7.102.v20111129-1423_r372,"org.eclipse.debug.ui.RegisterView",1374153546620
opened,view,org.eclipse.debug.ui,3.7.102.v20111129-1423_r372,"org.eclipse.debug.ui.ModuleView",1374153546638
opened,editor,org.eclipse.cdt.debug.ui,7.1.2.201202111925,"org.eclipse.cdt.debug.ui.SourceNotFoundEditor",1374153546658
executed,command,org.eclipse.debug.ui,3.7.102.v20111129-1423_r372,"org.eclipse.debug.ui.commands.Terminate",1374153549172
closed,view,org.eclipse.debug.ui,3.7.102.v20111129-1423_r372,"org.eclipse.debug.ui.MemoryView",1374153549253
closed,view,org.eclipse.debug.ui,3.7.102.v20111129-1423_r372,"org.eclipse.debug.ui.RegisterView",1374153549257
closed,view,org.eclipse.debug.ui,3.7.102.v20111129-1423_r372,"org.eclipse.debug.ui.ModuleView",1374153549260
closed,editor,org.eclipse.cdt.debug.ui,7.1.2.201202111925,"org.eclipse.cdt.debug.ui.SourceNotFoundEditor",1374153549297
error,log,,,"Internal Error",1374153552283
opened,view,org.eclipse.debug.ui,3.7.102.v20111129-1423_r372,"org.eclipse.debug.ui.MemoryView",1374153552411
opened,view,org.eclipse.debug.ui,3.7.102.v20111129-1423_r372,"org.eclipse.debug.ui.RegisterView",1374153552432
opened,view,org.eclipse.debug.ui,3.7.102.v20111129-1423_r372,"org.eclipse.debug.ui.ModuleView",1374153552452
opened,editor,org.eclipse.cdt.debug.ui,7.1.2.201202111925,"org.eclipse.cdt.debug.ui.SourceNotFoundEditor",1374153552475
executed,command,org.eclipse.debug.ui,3.7.102.v20111129-1423_r372,"org.eclipse.debug.ui.commands.Terminate",1374153555708
closed,view,org.eclipse.debug.ui,3.7.102.v20111129-1423_r372,"org.eclipse.debug.ui.MemoryView",1374153555770
closed,view,org.eclipse.debug.ui,3.7.102.v20111129-1423_r372,"org.eclipse.debug.ui.RegisterView",1374153555774
closed,view,org.eclipse.debug.ui,3.7.102.v20111129-1423_r372,"org.eclipse.debug.ui.ModuleView",1374153555777
closed,editor,org.eclipse.cdt.debug.ui,7.1.2.201202111925,"org.eclipse.cdt.debug.ui.SourceNotFoundEditor",1374153555812
error,log,,,"Internal Error",1374153559184
opened,view,org.eclipse.debug.ui,3.7.102.v20111129-1423_r372,"org.eclipse.debug.ui.MemoryView",1374153559673
opened,view,org.eclipse.debug.ui,3.7.102.v20111129-1423_r372,"org.eclipse.debug.ui.RegisterView",1374153559694
opened,view,org.eclipse.debug.ui,3.7.102.v20111129-1423_r372,"org.eclipse.debug.ui.ModuleView",1374153559712
opened,editor,org.eclipse.cdt.debug.ui,7.1.2.201202111925,"org.eclipse.cdt.debug.ui.SourceNotFoundEditor",1374153559732
executed,command,org.eclipse.debug.ui,3.7.102.v20111129-1423_r372,"org.eclipse.debug.ui.commands.Resume",1374153561716
executed,command,org.eclipse.debug.ui,3.7.102.v20111129-1423_r372,"org.eclipse.debug.ui.commands.Terminate",1374153563445
closed,view,org.eclipse.debug.ui,3.7.102.v20111129-1423_r372,"org.eclipse.debug.ui.MemoryView",1374153563504
closed,view,org.eclipse.debug.ui,3.7.102.v20111129-1423_r372,"org.eclipse.debug.ui.RegisterView",1374153563508
closed,view,org.eclipse.debug.ui,3.7.102.v20111129-1423_r372,"org.eclipse.debug.ui.ModuleView",1374153563511
closed,editor,org.eclipse.cdt.debug.ui,7.1.2.201202111925,"org.eclipse.cdt.debug.ui.SourceNotFoundEditor",1374153563548
deactivated,workbench,org.eclipse.ui.workbench,3.7.1.v20120104-1859,"",1374153564806
activated,workbench,org.eclipse.ui.workbench,3.7.1.v20120104-1859,"",1374153565068
deactivated,workbench,org.eclipse.ui.workbench,3.7.1.v20120104-1859,"",1374153565734
activated,workbench,org.eclipse.ui.workbench,3.7.1.v20120104-1859,"",1374153567143
error,log,,,"Internal Error",1374153569797
opened,view,org.eclipse.debug.ui,3.7.102.v20111129-1423_r372,"org.eclipse.debug.ui.MemoryView",1374153570255
opened,view,org.eclipse.debug.ui,3.7.102.v20111129-1423_r372,"org.eclipse.debug.ui.RegisterView",1374153570275
opened,view,org.eclipse.debug.ui,3.7.102.v20111129-1423_r372,"org.eclipse.debug.ui.ModuleView",1374153570295
opened,editor,org.eclipse.cdt.debug.ui,7.1.2.201202111925,"org.eclipse.cdt.debug.ui.SourceNotFoundEditor",1374153570307
executed,command,org.eclipse.debug.ui,3.7.102.v20111129-1423_r372,"org.eclipse.debug.ui.commands.Resume",1374153572461
error,log,,,"Internal Error",1374153572534
opened,editor,org.eclipse.cdt.ui,5.3.2.201202111925,"org.eclipse.cdt.ui.editor.CEditor",1374153572706
closed,editor,org.eclipse.cdt.debug.ui,7.1.2.201202111925,"org.eclipse.cdt.debug.ui.SourceNotFoundEditor",1374153572749
activated,editor,org.eclipse.cdt.ui,5.3.2.201202111925,"org.eclipse.cdt.ui.editor.CEditor",1374153574184
executed,command,,,"AUTOGEN:::org.eclipse.cdt.debug.ui.CEditor.BreakpointRulerActions/org.eclipse.cdt.debug.ui.CEditor.RulerTobbleBreakpointAction",1374153585338
activated,view,org.eclipse.debug.ui,3.7.102.v20111129-1423_r372,"org.eclipse.debug.ui.DebugView",1374153586276
executed,command,org.eclipse.debug.ui,3.7.102.v20111129-1423_r372,"org.eclipse.debug.ui.commands.Resume",1374153586381
error,log,,,"Internal Error",1374153587500
activated,view,org.eclipse.cdt.embsysregview,0.2.3,"org.eclipse.cdt.embsysregview.views.EmbSysRegView",1374153589593
activated,view,org.eclipse.debug.ui,3.7.102.v20111129-1423_r372,"org.eclipse.debug.ui.DebugView",1374153592338
executed,command,org.eclipse.debug.ui,3.7.102.v20111129-1423_r372,"org.eclipse.debug.ui.commands.StepOver",1374153592486
error,log,,,"Internal Error",1374153592639
activated,view,org.eclipse.cdt.embsysregview,0.2.3,"org.eclipse.cdt.embsysregview.views.EmbSysRegView",1374153595849
activated,view,org.eclipse.debug.ui,3.7.102.v20111129-1423_r372,"org.eclipse.debug.ui.DebugView",1374153599833
executed,command,org.eclipse.debug.ui,3.7.102.v20111129-1423_r372,"org.eclipse.debug.ui.commands.StepOver",1374153600026
error,log,,,"Internal Error",1374153600110
executed,command,org.eclipse.debug.ui,3.7.102.v20111129-1423_r372,"org.eclipse.debug.ui.commands.StepOver",1374153601341
error,log,,,"Internal Error",1374153601442
executed,command,org.eclipse.debug.ui,3.7.102.v20111129-1423_r372,"org.eclipse.debug.ui.commands.Terminate",1374153602774
closed,view,org.eclipse.debug.ui,3.7.102.v20111129-1423_r372,"org.eclipse.debug.ui.MemoryView",1374153602832
closed,view,org.eclipse.debug.ui,3.7.102.v20111129-1423_r372,"org.eclipse.debug.ui.RegisterView",1374153602835
closed,view,org.eclipse.debug.ui,3.7.102.v20111129-1423_r372,"org.eclipse.debug.ui.ModuleView",1374153602838
activated,perspective,org.eclipse.cdt.ui,5.3.2.201202111925,"org.eclipse.cdt.ui.CPerspective",1374153604513
activated,editor,org.eclipse.cdt.ui,5.3.2.201202111925,"org.eclipse.cdt.ui.editor.CEditor",1374153604521
executed,command,,,"AUTOGEN:::org.eclipse.cdt.debug.ui.CEditor.BreakpointRulerActions/org.eclipse.cdt.debug.ui.CEditor.RulerTobbleBreakpointAction",1374153607553
error,log,,,"Internal Error",1374153611731
activated,perspective,org.eclipse.debug.ui,3.7.102.v20111129-1423_r372,"org.eclipse.debug.ui.DebugPerspective",1374153612057
opened,view,org.eclipse.debug.ui,3.7.102.v20111129-1423_r372,"org.eclipse.debug.ui.MemoryView",1374153612097
opened,view,org.eclipse.debug.ui,3.7.102.v20111129-1423_r372,"org.eclipse.debug.ui.RegisterView",1374153612118
opened,view,org.eclipse.debug.ui,3.7.102.v20111129-1423_r372,"org.eclipse.debug.ui.ModuleView",1374153612137
activated,view,org.eclipse.debug.ui,3.7.102.v20111129-1423_r372,"org.eclipse.debug.ui.DebugView",1374153613749
executed,command,org.eclipse.debug.ui,3.7.102.v20111129-1423_r372,"org.eclipse.debug.ui.commands.Resume",1374153613863
error,log,,,"Internal Error",1374153613929
executed,command,org.eclipse.debug.ui,3.7.102.v20111129-1423_r372,"org.eclipse.debug.ui.commands.Resume",1374153615158
deactivated,workbench,org.eclipse.ui.workbench,3.7.1.v20120104-1859,"",1374153617584
activated,workbench,org.eclipse.ui.workbench,3.7.1.v20120104-1859,"",1374153620858
executed,command,org.eclipse.debug.ui,3.7.102.v20111129-1423_r372,"org.eclipse.debug.ui.commands.Terminate",1374153621903
closed,view,org.eclipse.debug.ui,3.7.102.v20111129-1423_r372,"org.eclipse.debug.ui.MemoryView",1374153621967
closed,view,org.eclipse.debug.ui,3.7.102.v20111129-1423_r372,"org.eclipse.debug.ui.RegisterView",1374153621971
closed,view,org.eclipse.debug.ui,3.7.102.v20111129-1423_r372,"org.eclipse.debug.ui.ModuleView",1374153621974
deactivated,workbench,org.eclipse.ui.workbench,3.7.1.v20120104-1859,"",1374153771430
activated,workbench,org.eclipse.ui.workbench,3.7.1.v20120104-1859,"",1374153787592
activated,perspective,org.eclipse.cdt.ui,5.3.2.201202111925,"org.eclipse.cdt.ui.CPerspective",1374153787734
activated,editor,org.eclipse.cdt.ui,5.3.2.201202111925,"org.eclipse.cdt.ui.editor.CEditor",1374153787742
deactivated,workbench,org.eclipse.ui.workbench,3.7.1.v20120104-1859,"",1374153800485
activated,workbench,org.eclipse.ui.workbench,3.7.1.v20120104-1859,"",1374153825486
opened,editor,org.eclipse.cdt.ui,5.3.2.201202111925,"org.eclipse.cdt.ui.editor.CEditor",1374153829935
activated,editor,org.eclipse.cdt.ui,5.3.2.201202111925,"org.eclipse.cdt.ui.editor.CEditor",1374153829974
executed,command,org.eclipse.ui,3.7.0.v20110928-1505,"org.eclipse.ui.file.saveAll",1374153834618
deactivated,workbench,org.eclipse.ui.workbench,3.7.1.v20120104-1859,"",1374153837837
started,bundle,org.eclipse.cdt.codan.checkers.ui,1.0.0.201202111925,"org.eclipse.cdt.codan.checkers.ui",1374153839214
activated,workbench,org.eclipse.ui.workbench,3.7.1.v20120104-1859,"",1374153839605
activated,editor,org.eclipse.cdt.make.ui,7.1.2.201202111925,"org.eclipse.cdt.make.editor",1374153845188
deactivated,workbench,org.eclipse.ui.workbench,3.7.1.v20120104-1859,"",1374153848345
activated,workbench,org.eclipse.ui.workbench,3.7.1.v20120104-1859,"",1374153853618
error,log,,,"Internal Error",1374153858703
activated,perspective,org.eclipse.debug.ui,3.7.102.v20111129-1423_r372,"org.eclipse.debug.ui.DebugPerspective",1374153859499
opened,view,org.eclipse.debug.ui,3.7.102.v20111129-1423_r372,"org.eclipse.debug.ui.MemoryView",1374153859560
opened,view,org.eclipse.debug.ui,3.7.102.v20111129-1423_r372,"org.eclipse.debug.ui.RegisterView",1374153859579
opened,view,org.eclipse.debug.ui,3.7.102.v20111129-1423_r372,"org.eclipse.debug.ui.ModuleView",1374153859596
activated,editor,org.eclipse.cdt.ui,5.3.2.201202111925,"org.eclipse.cdt.ui.editor.CEditor",1374153859683
activated,view,org.eclipse.debug.ui,3.7.102.v20111129-1423_r372,"org.eclipse.debug.ui.DebugView",1374153861598
executed,command,org.eclipse.debug.ui,3.7.102.v20111129-1423_r372,"org.eclipse.debug.ui.commands.Resume",1374153861703
executed,command,org.eclipse.debug.ui,3.7.102.v20111129-1423_r372,"org.eclipse.debug.ui.commands.Terminate",1374153862824
closed,view,org.eclipse.debug.ui,3.7.102.v20111129-1423_r372,"org.eclipse.debug.ui.MemoryView",1374153862894
closed,view,org.eclipse.debug.ui,3.7.102.v20111129-1423_r372,"org.eclipse.debug.ui.RegisterView",1374153862898
closed,view,org.eclipse.debug.ui,3.7.102.v20111129-1423_r372,"org.eclipse.debug.ui.ModuleView",1374153862901
error,log,,,"Internal Error",1374153866774
opened,view,org.eclipse.debug.ui,3.7.102.v20111129-1423_r372,"org.eclipse.debug.ui.MemoryView",1374153867507
opened,view,org.eclipse.debug.ui,3.7.102.v20111129-1423_r372,"org.eclipse.debug.ui.RegisterView",1374153867526
opened,view,org.eclipse.debug.ui,3.7.102.v20111129-1423_r372,"org.eclipse.debug.ui.ModuleView",1374153867543
opened,editor,org.eclipse.cdt.debug.ui,7.1.2.201202111925,"org.eclipse.cdt.debug.ui.SourceNotFoundEditor",1374153867585
closed,editor,org.eclipse.cdt.ui,5.3.2.201202111925,"org.eclipse.cdt.ui.editor.CEditor",1374153867602
executed,command,org.eclipse.debug.ui,3.7.102.v20111129-1423_r372,"org.eclipse.debug.ui.commands.Terminate",1374153869271
closed,editor,org.eclipse.cdt.debug.ui,7.1.2.201202111925,"org.eclipse.cdt.debug.ui.SourceNotFoundEditor",1374153869353
closed,view,org.eclipse.debug.ui,3.7.102.v20111129-1423_r372,"org.eclipse.debug.ui.MemoryView",1374153869366
closed,view,org.eclipse.debug.ui,3.7.102.v20111129-1423_r372,"org.eclipse.debug.ui.RegisterView",1374153869370
closed,view,org.eclipse.debug.ui,3.7.102.v20111129-1423_r372,"org.eclipse.debug.ui.ModuleView",1374153869373
error,log,,,"Internal Error",1374153872459
opened,view,org.eclipse.debug.ui,3.7.102.v20111129-1423_r372,"org.eclipse.debug.ui.MemoryView",1374153872566
opened,view,org.eclipse.debug.ui,3.7.102.v20111129-1423_r372,"org.eclipse.debug.ui.RegisterView",1374153872617
opened,view,org.eclipse.debug.ui,3.7.102.v20111129-1423_r372,"org.eclipse.debug.ui.ModuleView",1374153872636
opened,editor,org.eclipse.cdt.debug.ui,7.1.2.201202111925,"org.eclipse.cdt.debug.ui.SourceNotFoundEditor",1374153872658
executed,command,org.eclipse.debug.ui,3.7.102.v20111129-1423_r372,"org.eclipse.debug.ui.commands.Resume",1374153880423
executed,command,org.eclipse.debug.ui,3.7.102.v20111129-1423_r372,"org.eclipse.debug.ui.commands.Terminate",1374153881495
closed,view,org.eclipse.debug.ui,3.7.102.v20111129-1423_r372,"org.eclipse.debug.ui.MemoryView",1374153881569
closed,view,org.eclipse.debug.ui,3.7.102.v20111129-1423_r372,"org.eclipse.debug.ui.RegisterView",1374153881573
closed,view,org.eclipse.debug.ui,3.7.102.v20111129-1423_r372,"org.eclipse.debug.ui.ModuleView",1374153881576
closed,editor,org.eclipse.cdt.debug.ui,7.1.2.201202111925,"org.eclipse.cdt.debug.ui.SourceNotFoundEditor",1374153881595
error,log,,,"Internal Error",1374153885041
opened,view,org.eclipse.debug.ui,3.7.102.v20111129-1423_r372,"org.eclipse.debug.ui.MemoryView",1374153885621
opened,view,org.eclipse.debug.ui,3.7.102.v20111129-1423_r372,"org.eclipse.debug.ui.RegisterView",1374153885642
opened,view,org.eclipse.debug.ui,3.7.102.v20111129-1423_r372,"org.eclipse.debug.ui.ModuleView",1374153885660
opened,editor,org.eclipse.cdt.debug.ui,7.1.2.201202111925,"org.eclipse.cdt.debug.ui.SourceNotFoundEditor",1374153885680
executed,command,org.eclipse.debug.ui,3.7.102.v20111129-1423_r372,"org.eclipse.debug.ui.commands.Terminate",1374153886992
closed,editor,org.eclipse.cdt.debug.ui,7.1.2.201202111925,"org.eclipse.cdt.debug.ui.SourceNotFoundEditor",1374153887070
closed,view,org.eclipse.debug.ui,3.7.102.v20111129-1423_r372,"org.eclipse.debug.ui.MemoryView",1374153887083
closed,view,org.eclipse.debug.ui,3.7.102.v20111129-1423_r372,"org.eclipse.debug.ui.RegisterView",1374153887087
closed,view,org.eclipse.debug.ui,3.7.102.v20111129-1423_r372,"org.eclipse.debug.ui.ModuleView",1374153887090
deactivated,workbench,org.eclipse.ui.workbench,3.7.1.v20120104-1859,"",1374153888010
activated,workbench,org.eclipse.ui.workbench,3.7.1.v20120104-1859,"",1374153888161
deactivated,workbench,org.eclipse.ui.workbench,3.7.1.v20120104-1859,"",1374153889305
activated,workbench,org.eclipse.ui.workbench,3.7.1.v20120104-1859,"",1374153891523
error,log,,,"Internal Error",1374153894607
opened,view,org.eclipse.debug.ui,3.7.102.v20111129-1423_r372,"org.eclipse.debug.ui.MemoryView",1374153895125
opened,view,org.eclipse.debug.ui,3.7.102.v20111129-1423_r372,"org.eclipse.debug.ui.RegisterView",1374153895145
opened,view,org.eclipse.debug.ui,3.7.102.v20111129-1423_r372,"org.eclipse.debug.ui.ModuleView",1374153895164
opened,editor,org.eclipse.cdt.debug.ui,7.1.2.201202111925,"org.eclipse.cdt.debug.ui.SourceNotFoundEditor",1374153895183
executed,command,org.eclipse.debug.ui,3.7.102.v20111129-1423_r372,"org.eclipse.debug.ui.commands.Resume",1374153896488
executed,command,org.eclipse.debug.ui,3.7.102.v20111129-1423_r372,"org.eclipse.debug.ui.commands.Terminate",1374153898257
closed,view,org.eclipse.debug.ui,3.7.102.v20111129-1423_r372,"org.eclipse.debug.ui.MemoryView",1374153898320
closed,view,org.eclipse.debug.ui,3.7.102.v20111129-1423_r372,"org.eclipse.debug.ui.RegisterView",1374153898323
closed,view,org.eclipse.debug.ui,3.7.102.v20111129-1423_r372,"org.eclipse.debug.ui.ModuleView",1374153898326
closed,editor,org.eclipse.cdt.debug.ui,7.1.2.201202111925,"org.eclipse.cdt.debug.ui.SourceNotFoundEditor",1374153898342
error,log,,,"Internal Error",1374153901018
opened,view,org.eclipse.debug.ui,3.7.102.v20111129-1423_r372,"org.eclipse.debug.ui.MemoryView",1374153901464
opened,view,org.eclipse.debug.ui,3.7.102.v20111129-1423_r372,"org.eclipse.debug.ui.RegisterView",1374153901485
opened,view,org.eclipse.debug.ui,3.7.102.v20111129-1423_r372,"org.eclipse.debug.ui.ModuleView",1374153901504
opened,editor,org.eclipse.cdt.debug.ui,7.1.2.201202111925,"org.eclipse.cdt.debug.ui.SourceNotFoundEditor",1374153901524
executed,command,org.eclipse.debug.ui,3.7.102.v20111129-1423_r372,"org.eclipse.debug.ui.commands.Resume",1374153902777
error,log,,,"Internal Error",1374153902863
opened,editor,org.eclipse.cdt.ui,5.3.2.201202111925,"org.eclipse.cdt.ui.editor.CEditor",1374153903008
closed,editor,org.eclipse.cdt.debug.ui,7.1.2.201202111925,"org.eclipse.cdt.debug.ui.SourceNotFoundEditor",1374153903050
executed,command,org.eclipse.debug.ui,3.7.102.v20111129-1423_r372,"org.eclipse.debug.ui.commands.Resume",1374153907433
opened,editor,org.eclipse.cdt.ui,5.3.2.201202111925,"org.eclipse.cdt.ui.editor.CEditor",1374153911092
activated,editor,org.eclipse.cdt.ui,5.3.2.201202111925,"org.eclipse.cdt.ui.editor.CEditor",1374153911138
activated,editor,org.eclipse.cdt.ui,5.3.2.201202111925,"org.eclipse.cdt.ui.editor.CEditor",1374153914189
activated,view,org.eclipse.debug.ui,3.7.102.v20111129-1423_r372,"org.eclipse.debug.ui.DebugView",1374153916887
executed,command,org.eclipse.debug.ui,3.7.102.v20111129-1423_r372,"org.eclipse.debug.ui.commands.Terminate",1374153916985
closed,view,org.eclipse.debug.ui,3.7.102.v20111129-1423_r372,"org.eclipse.debug.ui.MemoryView",1374153917055
closed,view,org.eclipse.debug.ui,3.7.102.v20111129-1423_r372,"org.eclipse.debug.ui.RegisterView",1374153917059
closed,view,org.eclipse.debug.ui,3.7.102.v20111129-1423_r372,"org.eclipse.debug.ui.ModuleView",1374153917062
activated,perspective,org.eclipse.cdt.ui,5.3.2.201202111925,"org.eclipse.cdt.ui.CPerspective",1374153918691
activated,editor,org.eclipse.cdt.ui,5.3.2.201202111925,"org.eclipse.cdt.ui.editor.CEditor",1374153918699
activated,editor,org.eclipse.cdt.ui,5.3.2.201202111925,"org.eclipse.cdt.ui.editor.CEditor",1374153924355
executed,command,org.eclipse.ui,3.7.0.v20110928-1505,"org.eclipse.ui.file.saveAll",1374153928815
deactivated,workbench,org.eclipse.ui.workbench,3.7.1.v20120104-1859,"",1374153930542
activated,workbench,org.eclipse.ui.workbench,3.7.1.v20120104-1859,"",1374153931801
deactivated,workbench,org.eclipse.ui.workbench,3.7.1.v20120104-1859,"",1374153933076
activated,workbench,org.eclipse.ui.workbench,3.7.1.v20120104-1859,"",1374153941268
error,log,,,"Internal Error",1374153943896
activated,perspective,org.eclipse.debug.ui,3.7.102.v20111129-1423_r372,"org.eclipse.debug.ui.DebugPerspective",1374153944700
opened,view,org.eclipse.debug.ui,3.7.102.v20111129-1423_r372,"org.eclipse.debug.ui.MemoryView",1374153944761
opened,view,org.eclipse.debug.ui,3.7.102.v20111129-1423_r372,"org.eclipse.debug.ui.RegisterView",1374153944782
opened,view,org.eclipse.debug.ui,3.7.102.v20111129-1423_r372,"org.eclipse.debug.ui.ModuleView",1374153944800
activated,view,org.eclipse.debug.ui,3.7.102.v20111129-1423_r372,"org.eclipse.debug.ui.DebugView",1374153947544
executed,command,org.eclipse.debug.ui,3.7.102.v20111129-1423_r372,"org.eclipse.debug.ui.commands.Terminate",1374153947634
closed,view,org.eclipse.debug.ui,3.7.102.v20111129-1423_r372,"org.eclipse.debug.ui.MemoryView",1374153947711
closed,view,org.eclipse.debug.ui,3.7.102.v20111129-1423_r372,"org.eclipse.debug.ui.RegisterView",1374153947715
closed,view,org.eclipse.debug.ui,3.7.102.v20111129-1423_r372,"org.eclipse.debug.ui.ModuleView",1374153947718
error,log,,,"Internal Error",1374153950331
opened,view,org.eclipse.debug.ui,3.7.102.v20111129-1423_r372,"org.eclipse.debug.ui.MemoryView",1374153951017
opened,view,org.eclipse.debug.ui,3.7.102.v20111129-1423_r372,"org.eclipse.debug.ui.RegisterView",1374153951037
opened,view,org.eclipse.debug.ui,3.7.102.v20111129-1423_r372,"org.eclipse.debug.ui.ModuleView",1374153951055
opened,editor,org.eclipse.cdt.debug.ui,7.1.2.201202111925,"org.eclipse.cdt.debug.ui.SourceNotFoundEditor",1374153951076
closed,editor,org.eclipse.cdt.ui,5.3.2.201202111925,"org.eclipse.cdt.ui.editor.CEditor",1374153951092
executed,command,org.eclipse.debug.ui,3.7.102.v20111129-1423_r372,"org.eclipse.debug.ui.commands.Resume",1374153952795
executed,command,org.eclipse.debug.ui,3.7.102.v20111129-1423_r372,"org.eclipse.debug.ui.commands.Terminate",1374153953563
closed,view,org.eclipse.debug.ui,3.7.102.v20111129-1423_r372,"org.eclipse.debug.ui.MemoryView",1374153953620
closed,view,org.eclipse.debug.ui,3.7.102.v20111129-1423_r372,"org.eclipse.debug.ui.RegisterView",1374153953624
closed,view,org.eclipse.debug.ui,3.7.102.v20111129-1423_r372,"org.eclipse.debug.ui.ModuleView",1374153953627
closed,editor,org.eclipse.cdt.debug.ui,7.1.2.201202111925,"org.eclipse.cdt.debug.ui.SourceNotFoundEditor",1374153953669
error,log,,,"Internal Error",1374153957159
opened,view,org.eclipse.debug.ui,3.7.102.v20111129-1423_r372,"org.eclipse.debug.ui.MemoryView",1374153957841
opened,view,org.eclipse.debug.ui,3.7.102.v20111129-1423_r372,"org.eclipse.debug.ui.RegisterView",1374153957861
opened,view,org.eclipse.debug.ui,3.7.102.v20111129-1423_r372,"org.eclipse.debug.ui.ModuleView",1374153957880
opened,editor,org.eclipse.cdt.debug.ui,7.1.2.201202111925,"org.eclipse.cdt.debug.ui.SourceNotFoundEditor",1374153957899
executed,command,org.eclipse.debug.ui,3.7.102.v20111129-1423_r372,"org.eclipse.debug.ui.commands.Terminate",1374153959035
closed,view,org.eclipse.debug.ui,3.7.102.v20111129-1423_r372,"org.eclipse.debug.ui.MemoryView",1374153959106
closed,view,org.eclipse.debug.ui,3.7.102.v20111129-1423_r372,"org.eclipse.debug.ui.RegisterView",1374153959109
closed,view,org.eclipse.debug.ui,3.7.102.v20111129-1423_r372,"org.eclipse.debug.ui.ModuleView",1374153959112
closed,editor,org.eclipse.cdt.debug.ui,7.1.2.201202111925,"org.eclipse.cdt.debug.ui.SourceNotFoundEditor",1374153959148
error,log,,,"Internal Error",1374153961979
opened,view,org.eclipse.debug.ui,3.7.102.v20111129-1423_r372,"org.eclipse.debug.ui.MemoryView",1374153962089
opened,view,org.eclipse.debug.ui,3.7.102.v20111129-1423_r372,"org.eclipse.debug.ui.RegisterView",1374153962108
opened,view,org.eclipse.debug.ui,3.7.102.v20111129-1423_r372,"org.eclipse.debug.ui.ModuleView",1374153962126
opened,editor,org.eclipse.cdt.debug.ui,7.1.2.201202111925,"org.eclipse.cdt.debug.ui.SourceNotFoundEditor",1374153962153
executed,command,org.eclipse.debug.ui,3.7.102.v20111129-1423_r372,"org.eclipse.debug.ui.commands.Terminate",1374153963851
closed,view,org.eclipse.debug.ui,3.7.102.v20111129-1423_r372,"org.eclipse.debug.ui.MemoryView",1374153963914
closed,view,org.eclipse.debug.ui,3.7.102.v20111129-1423_r372,"org.eclipse.debug.ui.RegisterView",1374153963918
closed,view,org.eclipse.debug.ui,3.7.102.v20111129-1423_r372,"org.eclipse.debug.ui.ModuleView",1374153963921
closed,editor,org.eclipse.cdt.debug.ui,7.1.2.201202111925,"org.eclipse.cdt.debug.ui.SourceNotFoundEditor",1374153963954
error,log,,,"Internal Error",1374153966769
opened,view,org.eclipse.debug.ui,3.7.102.v20111129-1423_r372,"org.eclipse.debug.ui.MemoryView",1374153967292
opened,view,org.eclipse.debug.ui,3.7.102.v20111129-1423_r372,"org.eclipse.debug.ui.RegisterView",1374153967312
opened,view,org.eclipse.debug.ui,3.7.102.v20111129-1423_r372,"org.eclipse.debug.ui.ModuleView",1374153967330
opened,editor,org.eclipse.cdt.debug.ui,7.1.2.201202111925,"org.eclipse.cdt.debug.ui.SourceNotFoundEditor",1374153967349
executed,command,org.eclipse.debug.ui,3.7.102.v20111129-1423_r372,"org.eclipse.debug.ui.commands.Resume",1374153969179
executed,command,org.eclipse.debug.ui,3.7.102.v20111129-1423_r372,"org.eclipse.debug.ui.commands.Terminate",1374153970155
closed,view,org.eclipse.debug.ui,3.7.102.v20111129-1423_r372,"org.eclipse.debug.ui.MemoryView",1374153970257
closed,view,org.eclipse.debug.ui,3.7.102.v20111129-1423_r372,"org.eclipse.debug.ui.RegisterView",1374153970261
closed,view,org.eclipse.debug.ui,3.7.102.v20111129-1423_r372,"org.eclipse.debug.ui.ModuleView",1374153970264
closed,editor,org.eclipse.cdt.debug.ui,7.1.2.201202111925,"org.eclipse.cdt.debug.ui.SourceNotFoundEditor",1374153970299
error,log,,,"Internal Error",1374153973117
opened,view,org.eclipse.debug.ui,3.7.102.v20111129-1423_r372,"org.eclipse.debug.ui.MemoryView",1374153973562
opened,view,org.eclipse.debug.ui,3.7.102.v20111129-1423_r372,"org.eclipse.debug.ui.RegisterView",1374153973583
opened,view,org.eclipse.debug.ui,3.7.102.v20111129-1423_r372,"org.eclipse.debug.ui.ModuleView",1374153973601
opened,editor,org.eclipse.cdt.debug.ui,7.1.2.201202111925,"org.eclipse.cdt.debug.ui.SourceNotFoundEditor",1374153973645
executed,command,org.eclipse.debug.ui,3.7.102.v20111129-1423_r372,"org.eclipse.debug.ui.commands.Resume",1374153976027
error,log,,,"Internal Error",1374153976107
opened,editor,org.eclipse.cdt.ui,5.3.2.201202111925,"org.eclipse.cdt.ui.editor.CEditor",1374153976266
closed,editor,org.eclipse.cdt.debug.ui,7.1.2.201202111925,"org.eclipse.cdt.debug.ui.SourceNotFoundEditor",1374153976308
